glucose,glucose,glucose,glucose,glucose,bmi,bmi,bmi,bmi,bmi,age,age,age,age,age,pregnancies,pregnancies,pregnancies,pregnancies,pregnancies
mean,median,std,min,max,mean,median,std,min,max,mean,median,std,min,max,mean,median,std,min,max
110.682,107.5,24.707200722361698,44,197,30.789,30.4,6.3220562945598004,18.2,47.9,30.61,27.0,10.675665772182958,21,66,3.298,2.0,3.017184582621889,0,13
142.13059701492537,140.0,29.568838561472933,78,199,34.8294776119403,34.0,5.717237595080163,22.9,50.0,36.77238805970149,36.0,10.643546280346573,21,66,4.686567164179104,4.0,3.5292632422256727,0,13
